index,level6,level6_4,level5_0,level5,level5_2,level5_3,level5_4,level4_0,level4,level4_2,level4_3,level4_4,level3_0,level3,level3_2,level3_3,level3_4,level2_0,level2,level2_2,level2_3,level2_4,cluster
1,"UAV ""ZALA""",ZALA_421-16Е2_reconnaissance.jpg,"LTD ""CST""",CST,1841015504,ZAHAROV ALEKSANDR VYACHESLAVOVICH,ZAHAROV_ALEKSANDR_V.jpg,"JSC ""KALASHNIKOV CONCERN"" ",KALASHNIKOV ,1832090230,LEPIN VLADIMIR NIKOLAEVICH,LEPIN_Vladimir.jpg,,,,,,"STATE CORPORATION ""ROSTEH""",ROSTEH,7704274402,CHEMEZOV SERGEY VIKTOROVICH,CHEMEZOV_Sergey.jpg,1
2,120-mm mortar,120mm_2B11_2S12.png,"JSC ""CENTRAL RESEARCH INSTITUTE ""BUREVESTNIK""",BUREVESTNIK,5259075468,"ZAKAMENNYH GEORGIJ IVANOVICH
",ZAKAMENNYH_GEORGIJ.jpg ,"JSC ""KONCERN ""URALVAGONZAVOD""",URALVAGONZAVOD,7706453206,POTAPOV ALEKSANDR VALERIEVICH,POTAPOV_Aleksandr.jpg,,,,,,"STATE CORPORATION ""ROSTEH""",ROSTEH,7704274402,CHEMEZOV SERGEY VIKTOROVICH,CHEMEZOV_Sergey.jpg,1
3,"AFV ""Vityaz"" ",Vityaz_DT-30.jpg,"JSC ""MACHINE BUILDING COMPANY ""VITYAZ""",VITYAZ,0261013879,ARSLANOV IREK NAILOVICH,ARSLANOV_IREK.jpg,"JSC ""KONCERN ""URALVAGONZAVOD""",URALVAGONZAVOD,7706453206,POTAPOV ALEKSANDR VALERIEVICH,POTAPOV_Aleksandr.jpg,,,,,,"STATE CORPORATION ""ROSTEH""",ROSTEH,7704274402,CHEMEZOV SERGEY VIKTOROVICH,CHEMEZOV_Sergey.jpg,1
4,"Tanks T-80UK, T-80UE-1, Т-80UM2, T-80BVM 
",T-80U.jpg,"JSC ""OMSKIJ ZAVOD TRANSPORTNOGO MASHINOSTROENIYA""",OMSKTRANSMASH,5505204171,"LOBOV IGOR EDUARDOVICH
",LOBOV_IGOR.jpg,"JSC ""KONCERN ""URALVAGONZAVOD""",URALVAGONZAVOD,7706453206,POTAPOV ALEKSANDR VALERIEVICH,POTAPOV_Aleksandr.jpg,,,,,,"STATE CORPORATION ""ROSTEH""",ROSTEH,7704274402,CHEMEZOV SERGEY VIKTOROVICH,CHEMEZOV_Sergey.jpg,1
5,"SPA ""Msta-SM2"" 

","Msta-SM2.jpg

","JSC ""URALSKIJ ZAVOD TRANSPORTNOGO MASHINOSTROENIYA""",URALTRANSMASH,6659190900,"SEMIZOROV DMITRIJ YUREVICH
",SEMIZOROV_DMITRIJ.jpg,"JSC ""KONCERN ""URALVAGONZAVOD""",URALVAGONZAVOD,7706453206,POTAPOV ALEKSANDR VALERIEVICH,POTAPOV_Aleksandr.jpg,,,,,,"STATE CORPORATION ""ROSTEH""",ROSTEH,7704274402,CHEMEZOV SERGEY VIKTOROVICH,CHEMEZOV_Sergey.jpg,1
6,"Repairing ""Akatsiya"" ","

152mm_2S3(M)_Akatsiya.jpg","JSC ""URALSKIJ ZAVOD TRANSPORTNOGO MASHINOSTROENIYA""",URALTRANSMASH,6659190900,"SEMIZOROV DMITRIJ YUREVICH
",SEMIZOROV_DMITRIJ.jpg,"JSC ""KONCERN ""URALVAGONZAVOD""",URALVAGONZAVOD,7706453206,POTAPOV ALEKSANDR VALERIEVICH,POTAPOV_Aleksandr.jpg,,,,,,"STATE CORPORATION ""ROSTEH""",ROSTEH,7704274402,CHEMEZOV SERGEY VIKTOROVICH,CHEMEZOV_Sergey.jpg,1
7,Mi-8 helicopter,Mi-8.jpg,"JSC ""KAZANSKIJ VERTOLETNYJ ZAVOD""",KAZANSKIJ VERTOLETNYJ ZAVOD,1656002652,GINSBURG VLADIMIR SRULEVICH,GINSBURG_Vladimir.jpg,"JSC ""VERTOLETY ROSSII""",VERTOLETY ROSSII,7731559044,KOLESOV NYKOLAI ALEKSANDROVYCH,KOLESOV_Nykolai.jpg,,,,,,"STATE CORPORATION ""ROSTEH""",ROSTEH,7704274402,CHEMEZOV SERGEY VIKTOROVICH,CHEMEZOV_Sergey.jpg,1
11,Mi-8 helicopter ,Mi-8.jpg,"JSC ""ULAN-UDENSKIJ AVIACIONNYJ ZAVOD""
",ULAN-UDENSKIJ AVIACIONNYJ ZAVOD,0323018510,KOZLOV ALEKSEJ VLADIMIROVICH,KOZLOV_ALEKSEJ.jpg,"JSC ""VERTOLETY ROSSII""",VERTOLETY ROSSII,7731559044,KOLESOV NYKOLAI ALEKSANDROVYCH,KOLESOV_Nykolai.jpg,,,,,,"STATE CORPORATION ""ROSTEH""",ROSTEH,7704274402,CHEMEZOV SERGEY VIKTOROVICH,CHEMEZOV_Sergey.jpg,1
8,Mi-28 helicopter,Mi-28_attack_helicopter.jpg,"JSC ""NATIONAL HELICOPTER BUILDING CENTER NAMED AFTER M.L. MIL AND N.I. KAMOV""",NATIONAL HELICOPTER CENTER MIL AND KAMOV,7718016666,KOROTKEVICH MIHAIL ZAHAROVICH,KOROTKEVICH_Mikhail.jpg,"JSC ""VERTOLETY ROSSII""",VERTOLETY ROSSII,7731559044,KOLESOV NYKOLAI ALEKSANDROVYCH,KOLESOV_Nykolai.jpg,,,,,,"STATE CORPORATION ""ROSTEH""",ROSTEH,7704274402,CHEMEZOV SERGEY VIKTOROVICH,CHEMEZOV_Sergey.jpg,1
9,"Ka-52 ""Alligator"" helicopter",KA_52.jpg,"JSC ""ARSENIEV AVIATION COMPANY ""PROGRESS"" NAMED AFTER N.I. SAZYKIN""",PROGRESS,2501002394,PALCEV DENIS EVGENEVICH,PALCEV_DENIS.jpg ,"JSC ""VERTOLETY ROSSII""",VERTOLETY ROSSII,7731559044,KOLESOV NYKOLAI ALEKSANDROVYCH,KOLESOV_Nykolai.jpg,,,,,,"STATE CORPORATION ""ROSTEH""",ROSTEH,7704274402,CHEMEZOV SERGEY VIKTOROVICH,CHEMEZOV_Sergey.jpg,1
10,Mi-35 helicopter,Mi-35M_attack_helicopter.jpg,"ROSTOV HELICOPTER PRODUCTION COMPLEX PJSC ""ROSTVERTOL"" NAMED AFTER B.N.SLYUSARY",ROSTVERTOL,6161021690,MOTRENKO PETR DANILOVICH,MOTRENKO_PETR.jpg,"JSC ""VERTOLETY ROSSII""",VERTOLETY ROSSII,7731559044,KOLESOV NYKOLAI ALEKSANDROVYCH,KOLESOV_Nykolai.jpg,,,,,,"STATE CORPORATION ""ROSTEH""",ROSTEH,7704274402,CHEMEZOV SERGEY VIKTOROVICH,CHEMEZOV_Sergey.jpg,1
12,"Command post ""Krasukha-4""",1RL257_Krasukha-4_(command post).jpg,"JSC ""BRYANSKIJ ELEKTROMEHANICHESKIJ ZAVOD""",BRYANSKIJ ELEKTROMEHANICHESKIJ ZAVOD,3255517577,ZRELOV LEONID VIKTOROVICH,no_photo.png,RADIO ELECTRONIC TECHNOLOGY CONCERN JSC,RADIO ELECTRONIC TECHNOLOGY ,7703695246,PAN OLEKSANDR VOLODIMIROVICH,PAN_Aleksandr.jpeg,,,,,,"STATE CORPORATION ""ROSTEH""",ROSTEH,7704274402,CHEMEZOV SERGEY VIKTOROVICH,CHEMEZOV_Sergey.jpg,1
13,"Carriages for ""Buk-M2""","Buk_M2.jpg

","JSC ""BRYANSKIJ AVTOMOBILNYJ ZAVOD""",BRYANSKIJ AVTOMOBILNYJ ZAVOD,3255502838,SDOBNOV ALEKSEJ BORISOVICH,no_photo.png,"JSC ""AIRCRAFT DEFENSE CONCERN ""ALMAZ-ANTEI""",ALMAZ-ANTEI,7731084175,NOVIKOV YAN VALENTINOVICH,NOVIKOV_Yan.jpg,FEDERAL AGENCY FOR STATE PROPERTY MANAGEMENT,ROSIMUSHHESTVO,7710723134,YAKOVENKO VADIM VLADIMIROVICH,YAKOVENKO_Vadim.jfif,,,,,,2
14,"Carriages for ""Buk-M3""","
Buk_M3.jpg","JSC ""BRYANSKIJ AVTOMOBILNYJ ZAVOD""",BRYANSKIJ AVTOMOBILNYJ ZAVOD,3255502838,SDOBNOV ALEKSEJ BORISOVICH,no_photo.png,"JSC ""AIRCRAFT DEFENSE CONCERN ""ALMAZ-ANTEI""",ALMAZ-ANTEI,7731084175,NOVIKOV YAN VALENTINOVICH,NOVIKOV_Yan.jpg,FEDERAL AGENCY FOR STATE PROPERTY MANAGEMENT,ROSIMUSHHESTVO,7710723134,YAKOVENKO VADIM VLADIMIROVICH,YAKOVENKO_Vadim.jfif,,,,,,2
15,"SAMs ""Buk-M3""","
Buk_M3.jpg","JSC ""NAUCHNO-ISSLEDOVATELSKIJ INSTITUT PRIBOROSTROENIYA NAMED AFTER V.V. TIKHOMIROV""",INSTITUT PRIBOROSTROENIYA NAMED AFTER V.V. TIKHOMIROV,5013045054,MEDUNITSIN NIKOLAI BORISOVICH,MEDUNITSIN_Nikolai.jpg,"JSC ""AIRCRAFT DEFENSE CONCERN ""ALMAZ-ANTEI""",ALMAZ-ANTEI,7731084175,NOVIKOV YAN VALENTINOVICH,NOVIKOV_Yan.jpg,FEDERAL AGENCY FOR STATE PROPERTY MANAGEMENT,ROSIMUSHHESTVO,7710723134,YAKOVENKO VADIM VLADIMIROVICH,YAKOVENKO_Vadim.jfif,,,,,,2
16,"SAMs ""Buk-M2""","Buk_M2.jpg

","JSC ""NAUCHNO-ISSLEDOVATELSKIJ INSTITUT PRIBOROSTROENIYA NAMED AFTER V.V. TIKHOMIROV""",INSTITUT PRIBOROSTROENIYA NAMED AFTER V.V. TIKHOMIROV,5013045054,MEDUNITSIN NIKOLAI BORISOVICH,MEDUNITSIN_Nikolai.jpg,"JSC ""AIRCRAFT DEFENSE CONCERN ""ALMAZ-ANTEI""",ALMAZ-ANTEI,7731084175,NOVIKOV YAN VALENTINOVICH,NOVIKOV_Yan.jpg,FEDERAL AGENCY FOR STATE PROPERTY MANAGEMENT,ROSIMUSHHESTVO,7710723134,YAKOVENKO VADIM VLADIMIROVICH,YAKOVENKO_Vadim.jfif,,,,,,2
17,"SAMs ""Tor-M2"" ",9K332_Tor-M2.jpg,"JSC ""IZHEVSK ELECTROMECHANICAL PLANT ""KUPOL""",KUPOL,1831083343,ZIYATDINOV FANIL GAZISOVICH,ZIYATDINOV_Fanil.jpg,"JSC ""AIRCRAFT DEFENSE CONCERN ""ALMAZ-ANTEI""",ALMAZ-ANTEI,7731084175,NOVIKOV YAN VALENTINOVICH,NOVIKOV_Yan.jpg,FEDERAL AGENCY FOR STATE PROPERTY MANAGEMENT,ROSIMUSHHESTVO,7710723134,YAKOVENKO VADIM VLADIMIROVICH,YAKOVENKO_Vadim.jfif,,,,,,2
18,"Rockets ""Kalibr""",kalibr.jpg,"JSC ""RESEARCH DESIGN BYURO ""NOVATOR""",NOVATOR,6673092045,ABDRAKHMANOV FARYD KHABYBULLOVYCH,ABDRAKHMANOV_Faryd.jpg,"JSC ""AIRCRAFT DEFENSE CONCERN ""ALMAZ-ANTEI""",ALMAZ-ANTEI,7731084175,NOVIKOV YAN VALENTINOVICH,NOVIKOV_Yan.jpg,FEDERAL AGENCY FOR STATE PROPERTY MANAGEMENT,ROSIMUSHHESTVO,7710723134,YAKOVENKO VADIM VLADIMIROVICH,YAKOVENKO_Vadim.jfif,,,,,,2
19,"Radars ""SNAR-10M1""","SNAR-10M1.jpg
","PJSC ""SCIENTIFIC AND PRODUCTION ASSOCIATION ""STRELA""",STRELA,7103028233,CHAPKIN VYACHESLAV VYACHESLAVOVICH,CHAPKIN_Vyacheslav.jpg,"JSC ""AIRCRAFT DEFENSE CONCERN ""ALMAZ-ANTEI""",ALMAZ-ANTEI,7731084175,NOVIKOV YAN VALENTINOVICH,NOVIKOV_Yan.jpg,FEDERAL AGENCY FOR STATE PROPERTY MANAGEMENT,ROSIMUSHHESTVO,7710723134,YAKOVENKO VADIM VLADIMIROVICH,YAKOVENKO_Vadim.jfif,,,,,,2
20,Zoopark-1M radar complex,"
Zoopark-1M.jpg","PJSC ""SCIENTIFIC AND PRODUCTION ASSOCIATION ""STRELA""",STRELA,7103028233,CHAPKIN VYACHESLAV VYACHESLAVOVICH,CHAPKIN_Vyacheslav.jpg,"JSC ""AIRCRAFT DEFENSE CONCERN ""ALMAZ-ANTEI""",ALMAZ-ANTEI,7731084175,NOVIKOV YAN VALENTINOVICH,NOVIKOV_Yan.jpg,FEDERAL AGENCY FOR STATE PROPERTY MANAGEMENT,ROSIMUSHHESTVO,7710723134,YAKOVENKO VADIM VLADIMIROVICH,YAKOVENKO_Vadim.jfif,,,,,,2
21,"SAMs  ""Buk-M3""","Buk_M3.jpg
","JSC ""ULYANOVSKIJ MEHANICHESKIJ ZAVOD""",ULYANOVSKIJ MEHANICHESKIJ ZAVOD,7303026762,LAPIN VYACHESLAV VIKTOROVICH,LAPIN_Vyacheslav.jpg,"JSC ""AIRCRAFT DEFENSE CONCERN ""ALMAZ-ANTEI""",ALMAZ-ANTEI,7731084175,NOVIKOV YAN VALENTINOVICH,NOVIKOV_Yan.jpg,FEDERAL AGENCY FOR STATE PROPERTY MANAGEMENT,ROSIMUSHHESTVO,7710723134,YAKOVENKO VADIM VLADIMIROVICH,YAKOVENKO_Vadim.jfif,,,,,,2
22,"SAMs  ""Buk-M2""",Buk_M2.jpg,"JSC ""ULYANOVSKIJ MEHANICHESKIJ ZAVOD""",ULYANOVSKIJ MEHANICHESKIJ ZAVOD,7303026762,LAPIN VYACHESLAV VIKTOROVICH,LAPIN_Vyacheslav.jpg,"JSC ""AIRCRAFT DEFENSE CONCERN ""ALMAZ-ANTEI""",ALMAZ-ANTEI,7731084175,NOVIKOV YAN VALENTINOVICH,NOVIKOV_Yan.jpg,FEDERAL AGENCY FOR STATE PROPERTY MANAGEMENT,ROSIMUSHHESTVO,7710723134,YAKOVENKO VADIM VLADIMIROVICH,YAKOVENKO_Vadim.jfif,,,,,,2
23,"SAMs ""Tunguska""","
2K22M1_Tunguska.jpg","JSC ""ULYANOVSKIJ MEHANICHESKIJ ZAVOD""",ULYANOVSKIJ MEHANICHESKIJ ZAVOD,7303026762,LAPIN VYACHESLAV VIKTOROVICH,LAPIN_Vyacheslav.jpg,"JSC ""AIRCRAFT DEFENSE CONCERN ""ALMAZ-ANTEI""",ALMAZ-ANTEI,7731084175,NOVIKOV YAN VALENTINOVICH,NOVIKOV_Yan.jpg,FEDERAL AGENCY FOR STATE PROPERTY MANAGEMENT,ROSIMUSHHESTVO,7710723134,YAKOVENKO VADIM VLADIMIROVICH,YAKOVENKO_Vadim.jfif,,,,,,2
24,"Rocket ""Tochka-U""",Tochka.jpg,"JSC ""VOTKINSKYI ZAVOD""",VOTKINSKYI ZAVOD,1828020110,CHURBANOV IGOR YURIEVICH,CHURBANOV_Igor.jpg,"JSC CORPOTARION ""MOSKOVSKIJ INSTITUT TEPLOTEHNIKI""",MOSKOVSKIJ INSTITUT TEPLOTEHNIKI,7715842760,PONOMAREV SERGEY ALEKSEEVICH,no_photo.png,"STATE CORPORATION FOR SPACE ACTIVITIES ""ROSKOSMOS""",ROSKOSMOS,7702388027,ROGOZIN DMITRY OLEGOVICH before 15.07.2022,ROGOZIN_Dmitry.jpg,,,,,,2
25,"TOS-1A ""Solntsepek""",220mm_TOS-1A.jpg,"JSC ""SCIENTIFIC AND PRODUCTION ASSOCIATION ""SPLAV"" NAMED AFTER A.N. GANICHEV""",SPLAV,7105515987,SMIRNOV ALEXANDER VLADIMIROVICH,SMIRNOV_Alexander.jpg,"JSC ""SCIENTIFIC AND PRODUCTION CONCERN ""TEHNOLOGII MASHINOSTROENIYA""",TEHNOLOGII MASHINOSTROENIYA,7743813961,KOCHKIN ALEXANDER VIKTOROVICH,KOCHKIN_Alexander.jpg,"JSC ""TEHNODINAMIKA"" ",TEHNODINAMIKA,7719265496,NASENKOV IGOR GEORGIEVICH,NASENKOV_Igor.jpg,"STATE CORPORATION ""ROSTEH""",ROSTEH,7704274402,CHEMEZOV SERGEY VIKTOROVICH,CHEMEZOV_Sergey.jpg,1
26,"Rockets ""Iskander"" ",iskander.jpg,"JSC ""RESEARCH AND PRODUCTION CORPORATION
""KONSTRUKTORSKOYE BYURO MASHYNOSTROYENIYA""",KONSTRUKTORSKOYE BYURO MASHYNOSTROYENIYA,5022039177,PITIKOV SERGEJ VIKTOROVICH,PITIKOV_Sergey.jpg,"JSC RESEARCH AND PRODUCTION ASSOCIATION ""VYSOKOTOCHNYE KOMPLEKSY""",VYSOKOTOCHNYE KOMPLEKSY,7704721192,DENISOV ALEXANDER VLADIMIROVICH,DENISOV_Alexander.jpg,,,,,,"STATE CORPORATION ""ROSTEH""",ROSTEH,7704274402,CHEMEZOV SERGEY VIKTOROVICH,CHEMEZOV_Sergey.jpg,1
27,"ATGM ""Kornet-T""
","
Kornet.jpg","JSC ""INSTRUMENT DESIGN BYURO NAMED AFTER ACADEMIC A. G. SHIPUNOV""",KONSTRUKTORSKOE BYURO PRIBOROSTROENIYA,7105514574,KONOPLEV DMITRIJ VLADIMIROVICH before 22.07.2022,Konoplev_Dmitrij.jpg,"JSC RESEARCH AND PRODUCTION ASSOCIATION ""VYSOKOTOCHNYE KOMPLEKSY""",VYSOKOTOCHNYE KOMPLEKSY,7704721192,DENISOV ALEXANDER VLADIMIROVICH,DENISOV_Alexander.jpg,,,,,,"STATE CORPORATION ""ROSTEH""",ROSTEH,7704274402,CHEMEZOV SERGEY VIKTOROVICH,CHEMEZOV_Sergey.jpg,1
28,"SAMs ""Pantsir-S1""","Pantsir_S1.jpg
","JSC ""INSTRUMENT DESIGN BYURO NAMED AFTER ACADEMIC A. G. SHIPUNOV""",KONSTRUKTORSKOE BYURO PRIBOROSTROENIYA,7105514574,KONOPLEV DMITRIJ VLADIMIROVICH before 22.07.2022,Konoplev_Dmitrij.jpg,"JSC RESEARCH AND PRODUCTION ASSOCIATION ""VYSOKOTOCHNYE KOMPLEKSY""",VYSOKOTOCHNYE KOMPLEKSY,7704721192,DENISOV ALEXANDER VLADIMIROVICH,DENISOV_Alexander.jpg,,,,,,"STATE CORPORATION ""ROSTEH""",ROSTEH,7704274402,CHEMEZOV SERGEY VIKTOROVICH,CHEMEZOV_Sergey.jpg,1
29,"SAM ""Strela-10""",9K35_Strela-10.jpg,"JSC ""DESIGN BYURO OF PRECISION ENGINEERING NAMED AFTER A.E. NUDELMAN""",KONSTRUKTORSKOE BYURO TOCHNOGO MASHINOSTROENIYA,7728789425,IBRAGIMOV DMITRIJ MARATOVICH,IBRAGIMOV_DMITRIJ.jpg,"JSC RESEARCH AND PRODUCTION ASSOCIATION ""VYSOKOTOCHNYE KOMPLEKSY""",VYSOKOTOCHNYE KOMPLEKSY,7704721192,DENISOV ALEXANDER VLADIMIROVICH,DENISOV_Alexander.jpg,,,,,,"STATE CORPORATION ""ROSTEH""",ROSTEH,7704274402,CHEMEZOV SERGEY VIKTOROVICH,CHEMEZOV_Sergey.jpg,1
30,IFV BMP-3,"
BMP-3.jpg","PJSC ""KURGANSKIJ MASHINOSTROITELNYJ ZAVOD""",KURGANMASHZAVOD,4501008142,TYUKOV PETR ALEKSANDROVICH,Tyukov_Petr.jpg,"JSC RESEARCH AND PRODUCTION ASSOCIATION ""VYSOKOTOCHNYE KOMPLEKSY""",VYSOKOTOCHNYE KOMPLEKSY,7704721192,DENISOV ALEXANDER VLADIMIROVICH,DENISOV_Alexander.jpg,,,,,,"STATE CORPORATION ""ROSTEH""",ROSTEH,7704274402,CHEMEZOV SERGEY VIKTOROVICH,CHEMEZOV_Sergey.jpg,1
31,"APC ""BTR-MDM 'Rakushka""",BTR-MDM__Rakushka_.jpg,"PJSC ""KURGANSKIJ MASHINOSTROITELNYJ ZAVOD""",KURGANMASHZAVOD,4501008142,TYUKOV PETR ALEKSANDROVICH,Tyukov_Petr.jpg,"JSC RESEARCH AND PRODUCTION ASSOCIATION ""VYSOKOTOCHNYE KOMPLEKSY""",VYSOKOTOCHNYE KOMPLEKSY,7704721192,DENISOV ALEXANDER VLADIMIROVICH,DENISOV_Alexander.jpg,,,,,,"STATE CORPORATION ""ROSTEH""",ROSTEH,7704274402,CHEMEZOV SERGEY VIKTOROVICH,CHEMEZOV_Sergey.jpg,1
32,"Trucks, Vehicles and Jeeps","Ural.jpg

","JSC ""AVTOMOBILNIJ ZAVOD ""URAL""","AVTOMOBILNIJ ZAVOD ""URAL""",7415029289,YAKOVLEV PAVEL ALEKSANDROVICH,Yakovlev_Pavel.jpg,,,,,,"JSC ""OBEDINENNAYA MASHINOSTROITELNAYA GRUPPA""",OBEDINENNAYA MASHINOSTROITELNAYA GRUPPA,7722470978,STREZHNEV DMITRY STEPANOVICH,STREZHNEV_Dmitry.jpg,MIDSTREAM GROUP LIMITED ,MIDSTREAM GROUP LIMITED ,ΗΕ351903,,,3
34,R-149MA1,R-149MA1_command_and_staff_vehicle.png,"JSC ""CONCERN ""SOZVEZDIE""",SOZVEZDIE,3666127502,ARTEMOV MIHAIL LEONIDOVICH,ARTEMOV_MIHAIL.jpg,"JSC ""OBEDINENNAYA PRIBOROSTROITELNAYA KORPORACIYA""",OBEDINENNAYA PRIBOROSTROITELNAYA KORPORACIYA,7704859803,SAKHNENKO SERGEY STEPANOVICH,SAKHNENKO_Sergey.jpg,,,,,,"STATE CORPORATION ""ROSTEH""",ROSTEH,7704274402,CHEMEZOV SERGEY VIKTOROVICH,CHEMEZOV_Sergey.jpg,1
35,R-330BMV Borisoglebsk-2B ,Borisoglebsk-2B.png,"JSC ""CONCERN ""SOZVEZDIE""",SOZVEZDIE,3666127502,ARTEMOV MIHAIL LEONIDOVICH,ARTEMOV_MIHAIL.jpg,"JSC ""OBEDINENNAYA PRIBOROSTROITELNAYA KORPORACIYA""",OBEDINENNAYA PRIBOROSTROITELNAYA KORPORACIYA,7704859803,SAKHNENKO SERGEY STEPANOVICH,SAKHNENKO_Sergey.jpg,,,,,,"STATE CORPORATION ""ROSTEH""",ROSTEH,7704274402,CHEMEZOV SERGEY VIKTOROVICH,CHEMEZOV_Sergey.jpg,1
36,Takhion UAV,Takhion_reconnaissance_UAV.png,"Ltd ""SCIENTIFIC AND PRODUCTION ASSOCIATION ""IZHEVSKIE BESPILOTNYE SISTEMY""",ZHEVSKIE BESPILOTNYE SISTEMY,1831117433,ZORIN ANDREJ VASILEVICH,ZORIN_Andrey.jpeg,"JSC ""RS-LIZING""",RS-LIZING,1832003703,ZORIN ANDREY VASILYEVICH,ZORIN_Andrey.jpeg,,,,,,,,,,,4
37,IFV BMD-4M,50_BMD-4M.jpg,"Ltd ""VOLGOGRAD MACHINE-BUILDING COMPANY ""VGTZ""",VOLGOGRAD MACHINE-BUILDING COMPANY ,3441023695,BOLOTIN MIHAIL GRIGOREVICH,Bolotin_Mihail.jpg,,,,,,,,,,,"STATE CORPORATION ""ROSTEH""",ROSTEH,7704274402,CHEMEZOV SERGEY VIKTOROVICH,CHEMEZOV_Sergey.jpg,1
39,MRAP KamAZ-63968 «Typhoon»,KamAZ-63968_Typhoon.jpg,"JSC ""REMDYZEL""",REMDYZEL,1650004741,ZAHAROV ALEKSANDR VLADIMIROVICH,ZAHAROV_ALEKSANDR_V.jpg,"PJSC ""KAMAZ""",KAMAZ,1650032058,KOGOGIN SERGEY ANATOLYEVICH,KOGOGIN_Sergey.jpg,,,,,,,,,,,5
38,"""Rtut-BM""",Rtut BM.jpg,"JSC ""KAZANSKIJ OPTIKO-MEHANICHESKIJ ZAVOD""",KAZANSKIJ OPTIKO-MEHANICHESKIJ ZAVOD,1660004229,MAKSIMOV VADIM VALEREVICH,MAKSIMOV_VADIM.jpg,MINISTRY OF LAND AND PROPERTY OF THE REPUBLIC OF TATARSTAN,MINISTRY OF LAND AND PROPERTY OF THE REPUBLIC OF TATARSTAN,1655043430,AGLIULLIN FANIL ANVAROVICH,AGLIULLIN_Fanil.jpg,,,,,,,,,,,6
40,"MRAP K-53949 ""Typhoon-K""","K-53949_Typhoon-K.jpg
","JSC ""REMDYZEL""",REMDYZEL,1650004741,ZAHAROV ALEKSANDR VLADIMIROVICH,ZAHAROV_ALEKSANDR_V.jpg,"PJSC ""KAMAZ""",KAMAZ,1650032058,KOGOGIN SERGEY ANATOLYEVICH,KOGOGIN_Sergey.jpg,,,,,,,,,,,5
41,"MRAP K-53949 ""Linza"" ",K53949Linza.jpg,"JSC ""REMDYZEL""",REMDYZEL,1650004741,ZAHAROV ALEKSANDR VLADIMIROVICH,ZAHAROV_ALEKSANDR_V.jpg,"PJSC ""KAMAZ""",KAMAZ,1650032058,KOGOGIN SERGEY ANATOLYEVICH,KOGOGIN_Sergey.jpg,,,,,,,,,,,5
42,Aircrafts Su-30SM,Su-30SM_multirole_aircraft.jpg,"BRANCH OF THE JSC ""AVIATION HOLDING COMPANY ""SUKHOI"" - KOMSOMOLSKY-ON-AMUR AVIATION PLANT NAMED AFTER YU.A. GAGARIN",KOMSOMOLSKY-ON-AMUR AVIATION PLANT,7740000090,PEKARSH ALEKSANDR IVANOVICH,PEKARSH_ALEKSANDR.jpg,"JSC ""OBEDINENNAYA AVIASTROITELNAYA KORPORACIYA""",OBEDINENNAYA AVIASTROITELNAYA KORPORACIYA,7708619320,SLYUSAR YURY BORISOVICH,SLYUSAR_Yury.jpg,,,,,,"STATE CORPORATION ""ROSTEH""",ROSTEH,7704274402,CHEMEZOV SERGEY VIKTOROVICH,CHEMEZOV_Sergey.jpg,1
43,Aircrafts Su-34 ,Su-34_strike_aircraft.jpg,"BRANCH OF THE JSC ""AVIATION HOLDING COMPANY ""SUKHOI"" - ""NOVOSIBIRSK AVIATION PLANT NAMED V.P. CHKALOV""",NOVOSIBIRSK AVIATION PLANT,7740000090,SMIRNOV SERGEJ ALEKSANDROVICH,SMIRNOV_Sergej.jpg,"JSC ""OBEDINENNAYA AVIASTROITELNAYA KORPORACIYA""",OBEDINENNAYA AVIASTROITELNAYA KORPORACIYA,7708619320,SLYUSAR YURY BORISOVICH,SLYUSAR_Yury.jpg,,,,,,"STATE CORPORATION ""ROSTEH""",ROSTEH,7704274402,CHEMEZOV SERGEY VIKTOROVICH,CHEMEZOV_Sergey.jpg,1
44,"SPA ""Khosta""",120mm_2S34_Khosta.jpg,"CJSC ""SPECIALNOE KONSTRUKTORSKOE BYURO""","SPECIALNOE KONSTRUKTORSKOE BYURO
",5906034720,KALININ VIKTOR ALEXANDROVICH,KALININ_Viktor.jpg,"PJSC SPECIAL MECHANICAL BUILDING AND METALLURGY ""MOTOVILIHINSKIE ZAVODY""",MOTOVILIHINSKIE ZAVODY,5906009273,BERSENEV ANDREJ ALEKSANDROVICH,no_photo.png,"LTD ""RT-KAPITAL""",RT-KAPITAL,7704770859,YAKUBOV SEMEN VALEREVICH,YAKUBOV_SEMEN.jpg,"STATE CORPORATION ""ROSTEH""",ROSTEH,7704274402,CHEMEZOV SERGEY VIKTOROVICH,CHEMEZOV_Sergey.jpg,1
45,"MLR ""Tornado""","
122mm_2B17_Tornado-G.jpg","CJSC ""SPECIALNOE KONSTRUKTORSKOE BYURO""","SPECIALNOE KONSTRUKTORSKOE BYURO
",5906034720,KALININ VIKTOR ALEXANDROVICH,KALININ_Viktor.jpg,"PJSC SPECIAL MECHANICAL BUILDING AND METALLURGY ""MOTOVILIHINSKIE ZAVODY""",MOTOVILIHINSKIE ZAVODY,5906009273,BERSENEV ANDREJ ALEKSANDROVICH,no_photo.png,"LTD ""RT-KAPITAL""",RT-KAPITAL,7704770859,YAKUBOV SEMEN VALEREVICH,YAKUBOV_SEMEN.jpg,"STATE CORPORATION ""ROSTEH""",ROSTEH,7704274402,CHEMEZOV SERGEY VIKTOROVICH,CHEMEZOV_Sergey.jpg,1
46,"MLR ""Grad""",122mm_BM-21_Grad.jpg,"CJSC ""SPECIALNOE KONSTRUKTORSKOE BYURO""","SPECIALNOE KONSTRUKTORSKOE BYURO
",5906034720,KALININ VIKTOR ALEXANDROVICH,KALININ_Viktor.jpg,"PJSC SPECIAL MECHANICAL BUILDING AND METALLURGY ""MOTOVILIHINSKIE ZAVODY""",MOTOVILIHINSKIE ZAVODY,5906009273,BERSENEV ANDREJ ALEKSANDROVICH,no_photo.png,"LTD ""RT-KAPITAL""",RT-KAPITAL,7704770859,YAKUBOV SEMEN VALEREVICH,YAKUBOV_SEMEN.jpg,"STATE CORPORATION ""ROSTEH""",ROSTEH,7704274402,CHEMEZOV SERGEY VIKTOROVICH,CHEMEZOV_Sergey.jpg,1
47,BTR-82A,"

BTR_82.png

","JSC ""ARZAMASSKIJ MASHINOSTROITELNYJ ZAVOD""",ARZAMASSKIJ MASHINOSTROITELNYJ ZAVOD,5243001767,KRASOVITSKY ALEXANDER VLADIMIROVICH,KRASOVITSKY_Alexander.jpg,"LTD ""VOENNO-PROMYSHLENNAYA KOMPANIYA""",VOENNO-PROMYSHLENNAYA KOMPANIYA,7703602065,KRASOVITSKY ALEXANDER VLADIMIROVICH,KRASOVITSKY_Alexander.jpg,"LTD ""GRUPPA IMPULS""",GRUPPA IMPULS,7707199873,PECHENKIN VALERIJ PAVLOVICH,Без фото,DERIPASKA OLEG VLADIMIROVICH,DERIPASKA OLEG VLADIMIROVICH,,DERIPASKA OLEG VLADIMIROVICH,DERIPASKA_Oleg.jpg,10
48,AFV GAZ Tigr,"GAZ_Tigr.jpg

","JSC ""ARZAMASSKIJ MASHINOSTROITELNYJ ZAVOD""",ARZAMASSKIJ MASHINOSTROITELNYJ ZAVOD,5243001767,KRASOVITSKY ALEXANDER VLADIMIROVICH,KRASOVITSKY_Alexander.jpg,"LTD ""VOENNO-PROMYSHLENNAYA KOMPANIYA""",VOENNO-PROMYSHLENNAYA KOMPANIYA,7703602065,KRASOVITSKY ALEXANDER VLADIMIROVICH,KRASOVITSKY_Alexander.jpg,"LTD ""GRUPPA IMPULS""",GRUPPA IMPULS,7707199873,PECHENKIN VALERIJ PAVLOVICH,Без фото,DERIPASKA OLEG VLADIMIROVICH,DERIPASKA OLEG VLADIMIROVICH,,DERIPASKA OLEG VLADIMIROVICH,DERIPASKA_Oleg.jpg,10
49,AFV GAZ Tigr-M,"
GAZ_Tigr-M.jpg","JSC ""ARZAMASSKIJ MASHINOSTROITELNYJ ZAVOD""",ARZAMASSKIJ MASHINOSTROITELNYJ ZAVOD,5243001767,KRASOVITSKY ALEXANDER VLADIMIROVICH,KRASOVITSKY_Alexander.jpg,"LTD ""VOENNO-PROMYSHLENNAYA KOMPANIYA""",VOENNO-PROMYSHLENNAYA KOMPANIYA,7703602065,KRASOVITSKY ALEXANDER VLADIMIROVICH,KRASOVITSKY_Alexander.jpg,"LTD ""GRUPPA IMPULS""",GRUPPA IMPULS,7707199873,PECHENKIN VALERIJ PAVLOVICH,Без фото,DERIPASKA OLEG VLADIMIROVICH,DERIPASKA OLEG VLADIMIROVICH,,DERIPASKA OLEG VLADIMIROVICH,DERIPASKA_Oleg.jpg,10
50,BREM-K,"
BREM-K.jpg","JSC ""ARZAMASSKIJ MASHINOSTROITELNYJ ZAVOD""",ARZAMASSKIJ MASHINOSTROITELNYJ ZAVOD,5243001767,KRASOVITSKY ALEXANDER VLADIMIROVICH,KRASOVITSKY_Alexander.jpg,"LTD ""VOENNO-PROMYSHLENNAYA KOMPANIYA""",VOENNO-PROMYSHLENNAYA KOMPANIYA,7703602065,KRASOVITSKY ALEXANDER VLADIMIROVICH,KRASOVITSKY_Alexander.jpg,"LTD ""GRUPPA IMPULS""",GRUPPA IMPULS,7707199873,PECHENKIN VALERIJ PAVLOVICH,Без фото,DERIPASKA OLEG VLADIMIROVICH,DERIPASKA OLEG VLADIMIROVICH,,DERIPASKA OLEG VLADIMIROVICH,DERIPASKA_Oleg.jpg,10
51,Trucks,GAZ-3308.jpg,"Ltd ""KOMMERCHESKIE AVTOMOBILI - GRUPPA GAZ""",GRUPPA GAZ,5256051148,SOROKIN VADIM NIKOLAEVICH,SOROKIN_VADIM.jpeg,"""GROUP GAZ"" MANAGEMENT COMPANY LTD",GROUP GAZ,7730522644,ZOLOTAREV ALEKSANDR VASILEVICH,no_photo.png,,,,,,DERIPASKA OLEG VLADIMIROVICH,DERIPASKA OLEG VLADIMIROVICH,,DERIPASKA OLEG VLADIMIROVICH,DERIPASKA_Oleg.jpg,10
52,AFV GAZ Tigr,"GAZ_Tigr.jpg
","Ltd ""KOMMERCHESKIE AVTOMOBILI - GRUPPA GAZ""",GRUPPA GAZ,5256051148,SOROKIN VADIM NIKOLAEVICH,SOROKIN_VADIM.jpeg,"""GROUP GAZ"" MANAGEMENT COMPANY LTD",GROUP GAZ,7730522644,ZOLOTAREV ALEKSANDR VASILEVICH,no_photo.png,,,,,,DERIPASKA OLEG VLADIMIROVICH,DERIPASKA OLEG VLADIMIROVICH,,DERIPASKA OLEG VLADIMIROVICH,DERIPASKA_Oleg.jpg,10
53,AFV GAZ Tigr-M,"
GAZ_Tigr-M.jpg","Ltd ""KOMMERCHESKIE AVTOMOBILI - GRUPPA GAZ""",GRUPPA GAZ,5256051148,SOROKIN VADIM NIKOLAEVICH,SOROKIN_VADIM.jpeg,"""GROUP GAZ"" MANAGEMENT COMPANY LTD",GROUP GAZ,7730522644,ZOLOTAREV ALEKSANDR VASILEVICH,no_photo.png,,,,,,DERIPASKA OLEG VLADIMIROVICH,DERIPASKA OLEG VLADIMIROVICH,,DERIPASKA OLEG VLADIMIROVICH,DERIPASKA_Oleg.jpg,10
54,"AFV GAZ-3344-20 ""Aleut""",GAZ-3344-20_Aleut.jpg,"CJSC ""ZAVOLZHSKIJ ZAVOD GUSENICHNYH TYAGACHEJ""",ZAVOLZHSKIJ ZAVOD GUSENICHNYH TYAGACHEJ,5248031980,ZHUNIN MIHAIL VLADIMIROVICH,no_photo.png,"LTD ""RM - TEREKS""",RM - TEREKS,7707533574,GALKOVSKIJ EVGENIJ MIHAJLOVICH,no_photo.png,"JSC ""OBEDINENNAYA MASHINOSTROITELNAYA GRUPPA""",OBEDINENNAYA MASHINOSTROITELNAYA GRUPPA,7722470978,STREZHNEV DMITRY STEPANOVICH,STREZHNEV_Dmitry.jpg,MIDSTREAM GROUP LIMITED ,MIDSTREAM GROUP LIMITED ,ΗΕ351903,,,3
55,R-330ZH Zhitel,R-330ZH Zhitel.jpg,"JSC SCIENTIFIC AND INTRODUCTION ENTERPRISE ""PROTEK""",PROTEK,3665017521,SHUVAEV VLADIMIR ANDREEVICH,no_photo.png,"LTD ""EGO-HOLDING'",EGO-HOLDING,7804070635,CVETKOVA IRINA LVIVNA,no_photo.png,,,,,,,,,,,7
56,Eleron-3 UAV,Eleron-3_reconnaissance_UAV.jpg,"CJSC ""ENIKS""",ENIKS,1661009974,POBEZHIMOV VALERIJ NIKOLAEVICH,POBEZHIMOV_VALERIJ.jpg,,,,,,,,,,,,,,,,8
57,RKhM-6 Povozka ,RKhM-6_Povozka.jpg,"PJSC ""ZAVOD TULA""",ZAVOD TULA,7104002862,BUHAL VIKTOR MIHAJLOVICH,no_photo.png,,,,,,,,,,,,,,,,9
58,APE-5 command post,APE-5_command_post.jpg,"JSC ""NAUCHNO-PROIZVODSTVENNOE OBEDINENIE RUSSKIE BAZOVYE INFORMACIONNYE TEHNOLOGII""",RUSSKIE BAZOVYE INFORMACIONNYE TEHNOLOGII,7726604816,KABANKOV PAVEL YUREVICH,no_photo.png,,,,,,,,,,,,,,,,11
59,Project 03160 Raptor,Project_03160_Raptor_class_patrol_boat.jpg,"JSC ""LENINGRADSKIJ SUDOSTROITELNYJ ZAVOD ""PELLA""",PELLA,4706000296,CATUROV GAREGIN GERBERTOVICH,CATUROV_GAREGIN.jpg,,,,,,,,,,,,,,,,12
60,Orlan-10 UAV,Orlan-10_reconnaissance_UAV.jpg,"Ltd ""SPECIALNYJ TEHNOLOGICHESKIJ CENTR""",Special Technological Center Ltd,7802170553,AGAFONNIKOV ROMAN DMITRIEVICH,no_photo.png,,,,,,,,,,,,,,,,13
61,Project 11770 Serna,Project_11770_Serna_class_landing_craft.png,"JSC ""VOSTOCHNAIA VERF""",VOSTOCHNAIA VERF,2537009643,ZUBAKHIN OLEG VIKTOROVICH,ZUBAKHIN_Oleg.jpg,,,,,,,,,,,,,,,,14
62,Project 11770  Serna,Project_11770_Serna_class_landing_craft.png,"Central Design 
Bureau named after 
R.E. Alekseev","Central Design 
Bureau named after 
R.E. Alekseev",5263001420 ,ITALIANSEV SERGEII ANATOLIEVICH,ITALIANSEV_Sergeii.jpg,,,,,,,,,,,,,,,,15